Top queries,Clicks,Impressions,CTR,Position
chobble tickets,8,104,7.69%,17.48
chobble,2,214,0.93%,4.04
pretix alternative,2,21,9.52%,6.95
check in check out qr code,0,265,0%,73.91
eventim compare,0,68,0%,8.79
qr code event check-in,0,66,0%,84.26
qr code check-in,0,63,0%,82.48
classlist vs pta events vs trybooking uk school event management,0,52,0%,8.98
qr code check in,0,45,0%,77.53
alternatief voor eventim light,0,44,0%,27.95
bookitbee alternative,0,36,0%,46.11
qr code tickets,0,35,0%,73.6
dice alternative ticketing platform,0,31,0%,26.29
site:chobble.com,0,29,0%,12.14
alternative zu eventim,0,29,0%,21.07
qr code event check in,0,26,0%,91.19
eventbrite vs paypal,0,25,0%,62.72
resident advisor alternative,0,24,0%,12.54
eventim-light.com,0,24,0%,28.29
event qr code check in,0,24,0%,84.96
resova ticketing alternative,0,23,0%,9.61
ticketmaster compare,0,19,0%,9.16
eventim light,0,19,0%,13.68
ticketplatform kosten vergelijking,0,19,0%,51.63
check in qr code,0,18,0%,79.78
encrypted event ticketing,0,16,0%,76.62
flat fee event ticketing,0,15,0%,41.13
qr code ticket,0,15,0%,74.67
swicket,0,14,0%,7.5
qr code check in system,0,13,0%,89.38
signupgenius providence strategic growth investment 2017 lumaverse,0,12,0%,10.83
no attendee fees ticket sales,0,12,0%,38.17
signupgenius pricing,0,12,0%,44.33
wix events fees,0,10,0%,28.3
signup genius pricing,0,10,0%,53.9
cheddar up about fees 3.95% + $0.95 per transaction,0,9,0%,5.67
qr check in,0,9,0%,41.11
cheddar up fees,0,9,0%,45.44
apple wallet event ticket integration,0,9,0%,62.11
is eventbrite free,0,9,0%,66.67
qr scan check in,0,9,0%,89.33
cheddar up fees 3.95% + $0.95 per transaction,0,8,0%,8.62
check-in qr code,0,8,0%,80.38
cheddar up about fees 3.95% + $0.95,0,7,0%,6
signupgenius providence strategic growth majority investment 2017 lumaverse,0,7,0%,11.71
cheddar up alternatives,0,7,0%,20.29
cheddar up vs square,0,7,0%,26.71
ticketek marketplace fees,0,6,0%,41.17
sign up genius cost,0,6,0%,48
ticketing system google forms,0,6,0%,51.83
qr check-in system,0,6,0%,84.67
qr code check in check out,0,6,0%,88.5
cheddar up basic plan fee 3.95% + $0.95 per transaction,0,5,0%,5
resova pricing,0,5,0%,9
sell amateur dramatic tickets online,0,5,0%,19.4
eventim.co.uk,0,5,0%,36.8
apple wallet integration,0,5,0%,47.4
equipment booking software,0,5,0%,49.2
cheap ticketing fees,0,5,0%,61.2
qr code for tickets,0,5,0%,70.8
qr check in system,0,5,0%,89.8
"""cheddar up"" -""aged cheddar"" -""cheese"" -""sharp cheddar"" -""wedge"" -""wedge 
of"" -""wedges"" -""white cheddar"" -site:reddit.com -site:twitter.com 
-site:x.com -site:wykop.pl -site:tripadvisor.com -site:youtube.com 
-site:yelp.com -site:booking.com -site:facebook.com -site:instagram.com 
-site:tiktok.com",0,4,0%,3.5
tickts,0,4,0%,18.5
ticketek fees,0,4,0%,18.75
resident advisor ticket,0,4,0%,29
google wallet to apple wallet,0,4,0%,34.75
cheddarup fees,0,4,0%,42.25
cheddar up pricing,0,4,0%,44.75
equipment booking app,0,4,0%,46.75
sign up genius pricing,0,4,0%,53
signupgenius alternative,0,4,0%,59.25
does cheddar up charge fees,0,4,0%,68
sign up genius nonprofit pricing,0,4,0%,68.5
ticketing platform pricing,0,4,0%,72.25
pretix connector,0,4,0%,83
qr event check-in,0,4,0%,86.75
eventim alternative,0,3,0%,9.67
cheddar up fees 3.95% $0.95 per transaction,0,3,0%,12.67
resova alternatives,0,3,0%,14
fixr ticket bot,0,3,0%,20
hi events,0,3,0%,22.33
resident advisor charge,0,3,0%,22.33
cheddarup vs sign up genius,0,3,0%,23.67
equipment booking software cost,0,3,0%,31.67
cheddarup alternatives,0,3,0%,35
is signupgenius free,0,3,0%,35.33
ticketek name change fee,0,3,0%,35.33
google wallet event ticket integration,0,3,0%,35.67
unterschied eventim und eventim light,0,3,0%,39
dice fm charge,0,3,0%,47
eventbrite prices,0,3,0%,63
ticket qr code,0,3,0%,75
qr code check in solutions,0,3,0%,76
check in with qr code,0,3,0%,79.33
scan qr code check in,0,3,0%,79.67
qr code checkin,0,3,0%,85.33
event check in qr code,0,3,0%,92
qr event check in,0,3,0%,93
yes please,0,2,0%,4
cheddar up fees 3.95% + $0.95 per transaction basic plan,0,2,0%,6
ticketmaster fee calculator,0,2,0%,7.5
hievents,0,2,0%,8
eventim light uk,0,2,0%,18
is cheddar up free,0,2,0%,37
cheddar up processing fees,0,2,0%,38
ticket tailor cost,0,2,0%,38
cheddarup pricing,0,2,0%,40.5
eventim light unterschied,0,2,0%,42
open source eventbrite alternative,0,2,0%,44
dice.fm charge,0,2,0%,52.5
eventbrite price,0,2,0%,56.5
equipment booking system,0,2,0%,59
signup genius alternatives free,0,2,0%,62
google form ticketing system,0,2,0%,63.5
eventbrite charges,0,2,0%,71
tickederby pricing,0,2,0%,71
qr-code ticket,0,2,0%,73
check in codes,0,2,0%,75
qr code ticketing,0,2,0%,75.5
stripe ticketing self hosted,0,2,0%,78
scan qr code to check in,0,2,0%,79
bt postcode finder,0,2,0%,81.5
hi.events,0,2,0%,83.5
qr code for check in,0,2,0%,84
qr code check-in system,0,2,0%,87
check in barcode,0,2,0%,91.5
cal ai pricing,0,1,0%,1
cheap event ticketing solutions for clubs and bars in great britain,0,1,0%,1
only per,0,1,0%,1
ticket tailor fees calculator,0,1,0%,1
which platforms let you remove branding from tickets,0,1,0%,1
alternative,0,1,0%,4
shobble,0,1,0%,4
yes,0,1,0%,4
"""cheddar up"" -site:reddit.com -site:twitter.com -site:x.com -site:wykop.pl 
-site:tripadvisor.com -site:youtube.com -site:yelp.com -site:booking.com 
-site:facebook.com -site:instagram.com -site:tiktok.com",0,1,0%,5
cheddar up about fees 3.95% $0.95 per transaction,0,1,0%,6
eventim light kosten,0,1,0%,8
dice ticketing fees,0,1,0%,11
pretix,0,1,0%,11
qr code to check in,0,1,0%,11
ticketek dynamic pricing,0,1,0%,11
bootstrapped?,0,1,0%,13
hi events github,0,1,0%,16
dice vs ticketmaster comparison alternatives,0,1,0%,17
listing management for events,0,1,0%,18
ticketek booking fee,0,1,0%,19
ticket tailor paypal,0,1,0%,23
wl.eventim,0,1,0%,23
small festival ticketing platform,0,1,0%,27
ticket tailor fees uk,0,1,0%,27
cheddar up fees 3.95% + $0.95 basic plan,0,1,0%,29
chobble template,0,1,0%,31
signupgenius vs eventbrite,0,1,0%,33
cal com pricing,0,1,0%,35
no fees tickets,0,1,0%,42
ticket tailor alternative,0,1,0%,42
scooble,0,1,0%,43
eventbrite payment options,0,1,0%,47
apple wallet event ticket example,0,1,0%,48
qr check-in,0,1,0%,48
ticket tailor costs,0,1,0%,48
look up address from postcode,0,1,0%,50
postcode lookup for website,0,1,0%,50
equipment business booking software,0,1,0%,51
bubble soccer ticketing software,0,1,0%,53
eventbrite fee,0,1,0%,53
eventbrite pricing,0,1,0%,59
online equipment booking system,0,1,0%,59
is eventbrite free for free events,0,1,0%,60
signup genius alternative,0,1,0%,61
booking equipment,0,1,0%,62
ticket software for cooking classes,0,1,0%,62
signupgenius alternatives,0,1,0%,66
check-in qr,0,1,0%,67
qr codes for tickets,0,1,0%,67
cheaper than eventbrite,0,1,0%,68
eventbrite costs,0,1,0%,69
jegyértékesítő platform árak,0,1,0%,69
check in qr,0,1,0%,70
checkin code,0,1,0%,70
check in code,0,1,0%,72
is cal.com free,0,1,0%,72
eventbrite cost,0,1,0%,73
ticket barcode verification,0,1,0%,73
does eventbrite charge a fee for free events,0,1,0%,74
ticket with qr code,0,1,0%,74
is eventbrite free to use,0,1,0%,83
scan to check in,0,1,0%,86
group ticketing,0,1,0%,87
event qr code check-in,0,1,0%,89
social ticketing service pricing,0,1,0%,89
tickets qr code,0,1,0%,89
checkin qr code,0,1,0%,90
event check-in qr code,0,1,0%,94
qr ticket,0,1,0%,96
tickettailor connector,0,1,0%,97